6366d848-ac07-4661-9d2d-bfb9ee48e5f7,17
4ff58b35-d3ff-46f0-9c9d-8260f625dfa9,56
c33be2ee-5075-4324-8d02-bbf82cb27036,57
d6f485e2-ad3b-46d1-b519-9e0024c2bea9,52
324fb403-1781-47fe-ba29-79a6ad485dd7,59
3d13a0e3-3ae7-46ae-a70f-8bea300bcd61,80
ebbbdeae-c157-403a-a38a-ff29bf382a59,78
5066242d-7123-4c34-8b83-eb8f4ef20de9,73
7a7cf368-81c7-4d40-9d23-5b1467519fcc,19
221385d7-30ec-4adc-a76e-c50d2663c692,53
a5a3cd22-89e8-45ea-b872-78e895e2cc3d,28
06d30db3-826c-4ee5-bee1-f25a32916c3f,65
d97820de-23db-4a53-a3fc-5ed031b8be75,72
f9956a48-83c3-4b58-ba0d-fc948899ed72,67
44d130c1-9321-44b9-b936-753579b12a48,31
3dde8b1a-6259-4e5e-b625-9079af49ab8c,48
1954b9f8-706b-4dc0-aed7-7e0d4d3eeca3,92
016eb8eb-f817-4efe-a71b-3e5905682c77,0
22eb3a38-9d97-464e-9fb7-56a4c23c1d0f,28
b46ff489-c68a-46af-bbde-a853ade21c0f,74
d9773573-fa52-4007-9c95-5fb5bb89e6ae,95
d59baa18-7d58-417b-9eed-08a5c2021e1d,16
6c11255f-1691-4531-9573-7782fc124749,73
0e25a521-942f-4184-a5be-cc09c39ce1da,44
0d85998e-b474-4b32-9779-a2829ae93940,94
2f650ec1-dfb6-4a1b-bae9-c8719f4ec6b9,87
ed8bca59-3c76-411c-b877-21c005ec54a6,68
b9d0c945-27c0-4ed9-8ba3-2d1d26102a27,6
08ea077e-b9cd-4333-bdec-6e272449840c,29
a21a3a93-e175-4eeb-9ea5-08148584919b,55
86454d4d-1e81-43c3-80f6-aad29018cbe1,0
18358749-7d52-42a3-8d9e-4181f97ce184,39
434bbcb1-a7d0-44c1-842d-e3fca6df5f31,71
e0c69b63-ca77-4612-8ca3-190952bf254f,31
24f88049-91f1-40df-8260-de801d8f9b3d,2
686bd79f-e8a2-47b2-8f6c-c918e691a30f,85
52ab2053-53a9-44ab-a075-ba0a6fe46bae,15
21dc8299-285a-4332-814c-3c3b2753f201,62
7a873d70-aaaf-4c2c-9a91-1cedf3237a41,0
3c57e49d-be69-48fc-9498-e1935a3fa0b2,58
a9dc7831-ceca-4688-9a99-233dd93b2031,36
4ed98c95-211d-4ffa-8776-f21c39312ca4,19
ac36f3be-ed7d-4273-be2f-5014419e062c,8
7feb5339-0145-4223-a195-38886e1406c6,59
3d990b83-5647-4177-82c4-4aad2b88f096,45
c677f2ff-9a4a-4902-9dee-ff0f142d8dc0,25
2fb889ab-7065-449b-9d9e-0ac72bd2cbbf,52
0d6b9c06-3ba1-4be2-9b20-533a3fed409e,45
3f6e8101-624c-4690-a19b-3503d1f94fe4,48
a04b4442-d28c-4200-b6a2-c60d244b7613,46
983a4c6c-f083-4759-a23b-821f6c870e5e,57
c77ade8d-9b1f-4a82-a587-5b4a28f44a95,22
ca4d08ee-1c16-4462-aa60-b952447442c8,54
70df0c66-a188-4baa-8bd2-c6a342fea8b4,88
69c1c9d9-89d2-488b-93a8-f64864019180,34
6d6a9a55-a467-4d51-97d2-f0dfdafcfdc0,53
3648cf6f-b77e-404a-a716-87c86cad05be,77
93fe4802-94c4-4280-a414-420593af7351,11
8e0b802b-3188-44c5-8564-a1d5dde22eb4,71
09e05ce5-c43a-4f27-becf-94b29184b71c,30
f56acd07-1687-4f85-9cac-6e157104a008,56
2459a81b-ce73-4542-907e-21e953e23772,0
3fa7780a-c87b-4cff-bccf-9fea608dd61e,51
6e042186-b8e0-41e0-8a07-cac255efcaea,24
62383da6-1c66-4658-a543-6c1da8ed311c,63
70f7384d-29aa-4a70-b5c2-a0f6e53a6208,92
81e646d3-cc9e-4ec7-94c1-400e18b86cf5,32
a159d952-6f13-486e-8126-23695d371d96,87
27a1aee4-350a-44a2-954c-24ac866f7f41,83
e88948ec-d6ea-4ea2-adc2-2446318f47f4,46
c1b5d334-be78-4026-976a-4b11d1e070b5,26
b029567b-066b-49c5-92a6-ac176a624300,98
fa2eceba-cd27-4599-80d8-13c0cc8f9bdb,93
d8d9c0bb-7246-41f8-963b-1a8984153254,34
307c7fe7-4e5b-441e-99f6-e66c49fcebd2,71
d293d08a-80d2-41da-adc1-eb35ee01d4bd,94
b312e247-510d-4971-9e30-c424a95272aa,12
730dec7e-a067-4301-9aa9-5e4ffabf2115,33
34f5bdb0-e913-4835-bf9f-5150afea0db5,38
77b2f65b-c3ff-45a8-8879-f50348c1177c,26
3d1d62b3-e364-468e-a44a-343ddfd6049a,28
6dc6c1a6-d2b5-4d6f-bf9a-6366a9eb2165,90
fd2363e7-955b-4c04-a93c-2a0dbb722539,53
a9ded246-e4a0-4562-b801-461445026532,79
3c89fa05-deef-4354-82a5-68261cf178fc,39
22de7724-29e9-42f6-a785-9b8958178d62,59
8a2716cd-4746-4e9b-82d3-68e22d6eb3bc,26
4d915a5b-77e7-4d86-a369-7f33d930cba1,55
64b53770-d643-4753-83f6-7b01b807bf84,52
4ad5951b-5629-44d9-82df-43854ac04617,10
41f9539f-41ab-45a2-9656-136fed7b9a78,91
b75cf6f2-7ffd-423a-8341-b67311147d24,21
1598ab4c-7eef-45ca-a594-4db15dc43898,59
25f98108-7b96-4831-9264-17a746962fc4,57
a19b4f48-0aa2-4000-abc4-a6616e9d1cfc,62
4e8f524c-a6bc-4f55-8bfa-4cb2ea2e2af9,68
8a2d6e9d-eee0-477a-8591-c1a48d87e83e,16
5c61f04a-6498-412a-8931-2612988b6a12,84
7b7bd5b5-8391-497f-b009-602afe4ae0ad,24
1c730b0c-67c2-4abf-9622-5163e7bbbf82,4
946ed7ef-67c2-4582-a214-68412157f90f,78
cf8f3d6b-1387-416b-a1a0-78164d047972,10
0fe9ab9e-ad01-4fe1-bdf2-abf2a83e8fab,0
51431341-7a64-4bd9-a8dd-a8b1da30bbf2,8
356ef2af-6aff-45a2-89d7-90354e200e74,12
e61ee39a-acf5-4897-9607-8ba5b05f53ad,34
cc7f5c6d-47b8-48e0-8fa5-2abc534b6ad5,97
7c3ffc8b-1522-4bba-a4a9-8c4e8a7da5db,86
bd02ac43-e95e-451e-8258-614be6191a48,84
ed200d3d-1b18-4291-a5a9-9e10a0ac974e,39
7e8b2a02-7e26-49e3-9015-843188d26217,57
c86dacdd-552b-4594-964b-d64e956a2bb5,45
05484007-7e41-4d52-8311-d2d956874ae8,88
8e3bae50-b399-43de-baf5-c8c5146bcf2b,52
dc569cca-c380-4ae8-a2af-27e976ec929c,38
1cf92170-8626-4c9f-8840-27f5580657cf,69
fb4017c1-b443-45cb-b1ba-0e5c88c42631,43
0fb57239-e8c8-4086-b37b-0b3b2908a627,30
fb6fcf5d-fe12-460e-ae23-0313311ddf94,0
7ce9ad91-5ce4-4748-b3c4-bb4d4cc272de,8
1078b71b-50cb-4b13-b456-366b4efbbb92,16
0e0da703-878e-4afb-8342-813e50ec9b34,49
4441d766-699e-45ff-bbac-cbe65bc219a0,16
56dfbe91-3db8-4e4d-9fe2-ebb3f53a1a4e,35
7b9528bd-4d45-4205-9fb9-d2279e845992,5
b30fb7fc-1eb8-45f0-9be5-7ba8bc3c06cc,41
0314e44f-d5b3-4ff8-a723-fcd31e5e64e5,55
3f87d51e-79f7-42d0-990d-a8c5d60927ba,83
913a03ca-8a45-4a35-b908-8c9674a093f8,51
c7b764f0-cdcc-457d-8af2-78d7ee4b14d3,38
702942c3-e3e7-40cb-abd3-da785ff3abcb,66
f7080238-dce4-4b1b-9621-d11ab6b9c47c,98
006ce287-7846-4dcd-a9d5-663be7e0d3ba,38
1f33e87d-2388-41c5-a85f-95aee3aec179,99
82c022b1-63bf-45b4-ab90-46d3275612e0,11
d21764d7-0f4c-4875-af0b-865b00e6f67b,97
eda88c9c-66e9-474d-b649-108dfafa6bcf,97
a0fb3046-7c4d-4203-b751-d9552ead59c7,92
f1fae26d-9bf9-4f59-8b21-ad805166efb3,62
10cfa37a-1a96-4c29-8371-266adb7c86a9,59
a3231362-c810-45f0-a7ad-6a0415bad21e,21
df92e665-f4a0-457f-b567-2eeef14159ec,55
cdd31efb-6217-40f6-8ccd-4fad911940e3,78
3f3deccd-9b92-41e2-9365-afecba8ab406,9
a2bef08e-f4cd-4845-81a8-5bfe77238746,55
adf8fab3-ac90-4a4f-bf2b-766cc1405c07,53
c08fe631-af2f-4d2b-a52b-06433b6f66c2,67
0ff0f914-451d-41ec-82c3-8b1b4f31b5d5,90
79d55835-037d-4c73-a16d-3941773aa5a2,76
5dc8864a-2bbe-4a12-9b90-535b9f2c4e84,43
05f70268-ed50-4df9-9568-ec40480c4332,48
408e3764-2881-4800-a48f-7e3b2e4f1f13,79
1401da33-7c10-4f9b-ba5f-bbbfbe7249fe,0
0633219a-2d88-4bc3-aabc-1e5903da9e38,11
f8130c75-59ce-4bed-be61-038bbe6c5377,1
188b2c21-8c86-4f08-a840-4deb2d186ab6,95
781e7916-12c2-46e5-90f7-0f4cfaaeb214,71
450f459d-9158-42f1-82a1-85dce476fa45,30
67d448b1-559a-40f4-90bd-499abb15e61a,9
15d264b5-2454-409a-b889-30048a02a25d,9
c00ad76b-9027-451b-b6cb-b91f42347eb1,88
afeec46f-915c-4144-9a89-9dd9faf030e7,27
067cae39-2b44-4f56-8232-50a7e14242ce,94
2fab4f2d-f3a8-4c26-8649-1e0d744d451e,99
6547c706-4495-47a1-9933-f5f371b3b9e9,82
fa868ad9-8932-4c6f-8a47-e01116cc2c98,26
679d0a0b-7931-4247-a29d-998e6b8ab78d,38
126ea428-769f-42f1-aac3-7a0047f110fc,15
480316b1-4b9f-4b22-8741-4bee93248d45,74
9755ab78-649d-44d5-89b9-56c3d1c1cf73,92
22168c6f-6edf-4e84-88bd-3e55dd5cb923,25
eed5744f-04f3-4d27-99ea-dea639c81a9e,89
af81e7e5-5dde-481a-942a-90121c092c6f,20
0c6a0277-f70c-4acf-8522-04ef517c453a,54
358dc564-d284-4e38-bf7d-a4bc0261f43f,89
90434461-83d2-4065-bda7-ef085d25dcfb,79
8999a484-cba6-49b3-ae8b-3ee2ee3257d8,7
1d5e72b7-c952-4505-af6a-6c60e6793ed5,89
90725884-0bef-4bd3-82f9-e11aa086d838,47
f93fd72d-32e0-4e53-8275-59a262441538,68
91957914-f650-4e97-b42f-554f25ce896f,28
56019a14-786c-41ee-83db-89647dce3dd2,88
6ba4cc84-1b59-4893-b9a1-4ca183098587,71
8b08a561-803b-4bf1-b0af-6f0ca92e30e9,97
774222e4-f738-4352-9840-7042f3935dc0,1
1bd31fc0-8b01-472f-a429-7481d25c9fa2,53
f77f1a0f-43d1-4105-b00c-cc5a291dd00a,36
b29edab6-e675-4712-8221-ecbe1dc7a1ee,75
660c9e22-fcc2-4cdc-91ca-4b79fdd6a9df,83
dc9799e0-0a5a-42e9-8503-e6d87824f679,7
2fd6c43e-c1b4-41ed-999e-2d3b25c64d4e,77
f861b4db-cc59-4c73-950b-33360d075e32,11
31dda670-c453-4c76-b37b-fef8d8c63597,2
e69bab87-3ad3-48dc-957d-13d2a66b3ef9,38
bbd7c31b-d2c7-433c-92fa-662690511a31,24
c19e98c2-8bf4-4a82-aa37-4ec90be9e635,79
6b6d91a0-9656-41f8-898e-e5e73746be8e,35
8ed8ae65-8acd-4604-b533-6a8d06448b5a,29
55795db4-fecd-47da-ae9b-0642c40ad28e,14
ff6d504f-ced5-495d-94d3-d3151099d3c0,93
bee04262-828a-46f1-a28a-7831eb730d8f,93
92cd4152-a0da-4d6c-ae32-963b2a1a6406,17
ea81e126-ae8a-4ad5-933b-638e617a4977,48
07a63958-787d-44bb-ac52-329f481d7346,47
9499a4b2-041f-4ae1-983c-57b6c71c519f,39
7ea3b155-21a0-46b8-9c6e-e7317e365292,10
7d0b2279-5b3e-4d49-912b-24f8aecda35e,88
539595f5-528a-418c-a3e2-61fb1ab25e76,13
eb5824cf-b8b9-4e77-8fab-de89389e3c1f,33
4f3d4e69-373a-400d-bfd1-6d899c7881b7,47
07e043bd-53a2-4e03-9f34-97a0c2da7eef,60
d42d430d-2653-45d8-b3bf-4b0159ab6097,65
fc438c19-0c8d-4829-b3c9-bdcae50ed1c1,66
47a1d58a-b914-4154-b0c2-c527416d55e3,63
8b345acb-dba5-41ab-b066-83ce62bd7f84,4
d94c7fd4-19b0-4f36-841a-64f84e4988f9,20
45a9a965-6402-4d42-90f4-29410154bcf4,67
6b2267f6-d370-4d4f-84f4-0c7c2af2e2a1,35
f7e02c58-7599-4ac7-b6be-80316eb7957c,39
06f25f24-2ea0-4b58-98e8-db32dc47a36f,93
dbbed23c-cbd6-4297-968d-7a6d957a69e3,6
641f1328-da7e-4e16-bac8-a948a702737d,16
92ccc152-7aac-48ce-bd2e-d6ea34801ac5,1
b71b31a3-8bb0-4e92-83d5-22bf0b0c2c41,15
63002636-9af2-4c79-9149-10eb725046ec,26
3e02db50-03e5-4416-bb69-0a86185a76ea,33
b72c926c-2d98-4d89-9587-154abcfd8fb0,96
557124e7-15fa-40c0-b1ca-95444a11bf97,36
f8c896c0-59b6-4afb-94ca-8f2e0d6de891,3
bf74d84d-f849-4289-9c3b-5e4dbeaaaa9f,94
1e1f81e4-a1ca-48e5-bb6d-aa6e34525cc2,30
bbbc1507-dbcc-4d8b-97f0-c43c7eaeb5a4,15
dca65af0-fad1-424c-bc51-0c0e6af9db31,78
b088637d-61b6-427c-ba9e-a758538ab2c3,47
db275678-2c1d-475b-b1f4-3387f4711a03,13
68c84087-ed50-4386-9321-eb8f9f7de831,26
53706bf4-e526-4fee-a112-114d7ce65725,76
e1302fcc-4dc8-4b36-8ac5-a6c4089351c4,28
c659db45-41eb-475d-a7b7-a77bb1065d9a,26
84f801a9-ba55-4834-9b42-44baf1161b16,49
21e95eaa-c361-4828-8fb7-fcd94e7c2668,36
82c72e9e-d98d-4aea-91f1-f4c748e048a1,88
9576298d-96bd-488f-afc3-e7c962479979,68
9c6aef82-756f-4921-a942-5fb3942f6682,86
b3d05f77-3d16-4803-9592-750ceff279f2,42
81ef9417-af87-4b99-8310-2a3ace520be6,70
e558bccd-a8ab-412e-8058-a42856d94476,12
2e26c0d9-35c1-48b0-8bb7-1b50c16e97af,94
0be70dd2-0540-4728-b045-fdb81366213e,9
ea788bfa-de0b-49b7-b686-efa6dcb207a1,36
1c328b5d-3b3c-418f-aea7-1da5faabb744,36
45de5bb1-aaae-4439-a3ff-f6bb7693f1a5,98
90f78937-c25a-4259-9a9a-9937f379f46e,33
b6764332-eee9-4316-984f-416cd2c00e2d,57
3919ab95-24e5-45f1-987f-756002c3e807,69
fa887fdd-7a28-4e55-8835-257580ec5793,20
a73add04-5a4d-4182-9d88-3e6efbfaf20b,84
6bad9a6c-b795-40a0-b042-aa7d727b6718,88
3b2bcead-4125-4a40-9cb5-1294c00363c0,78
f3c6ada1-dab7-4578-95da-33470ab2361a,44
a8fd1842-bc11-494d-872b-6d268f64dcfb,20
50acb11f-1c62-4962-9c1b-ab65f3ba78b8,79
33bd84a9-6b38-478a-886d-90d14aa71c7e,30
7adbeac6-aca7-4009-bd83-1c6d1cea060c,2
945a492c-5598-4c7e-9157-e05cce82a3a0,75
e253da46-b189-4343-9ef9-3d8af11313c3,76
9389e4b3-10cc-4dbc-b561-6d60534d98ca,61
ba62a878-730f-4fc6-bc09-c18355b3383d,66
f89aff2e-0aef-42e3-8375-ee7d523bbe04,13
4abebca6-4021-4872-9a3a-41b7e488fb56,61
9b339010-9032-47eb-bfff-c3a67e4bab5b,32
683ce16a-ff24-4aad-b4f5-2e1658f583fb,51
1b234d33-c789-4fb3-87aa-51c71a975f56,54
715f08b6-e15d-42f4-8cc7-29d6da6cbf8d,83
faeea37e-160f-4e0e-b361-2bc355a56709,24
2946c387-015f-4a1f-aa66-0480b3e0bdf0,34
fa68c161-c0ba-4186-908c-a93ee6916bd3,88
292bfecb-b31f-4cdb-97c8-cc55cd9ab22f,11
c29accc3-b225-4999-aa54-3ab593df7779,50
f11837be-16dc-42ed-b8c7-c0500d43029e,26
b5cadbeb-269e-464f-834e-d939ca95e407,52
8d629b5d-1df7-4cd9-af51-58f2ac54ad66,76
146970c3-0b3f-457d-bd64-23fbf8cd2834,97
6e04923b-632d-4362-8d4d-9f16b2e3afb2,26
1cf453e9-d195-4adb-94da-0cdb5f875a62,31
58199920-0b7e-4911-84be-622a9ee9c365,42
ef881e7d-432f-4eb7-afe1-6b6dfbf601fd,11
b21493ac-a8ad-463d-ad50-a0f2764e9ae5,51
421ff54b-0ccb-47fc-8ef9-5a7bb2595ae3,71
2e795886-a606-48a1-8299-a20344a4a6e7,64
a48e7e4c-41e6-464f-acb4-27097331bfb7,73
24c53a54-8d65-494e-9610-068c08eef1c1,60
0ec52a51-5f65-4081-9de2-c4e07618bda6,93
71aa9df8-7db4-4c7e-aa06-edbbc6a6080e,54
8fb19336-4c3a-4fc2-9406-a94e577d778b,19
f33cf6b5-f14e-4788-9a80-290bae243ace,53
15a834c8-6b04-462a-8738-cbf8d1ea378f,94
7e1dbd31-fba3-4b6b-b42a-81e61ce26b1a,65
d8239c6f-26f1-4250-a185-76f945d98ad8,49
f092050f-456f-43bb-aa89-b6495e766a56,87
4b8060c9-4e7b-4d03-9a63-854f2b0e49d1,24
1f56ee9c-8eac-4ff7-80e7-d0d9f8b889b7,15
9a6aa361-7c3f-4d0f-90de-eec9cdd2e074,80
00e5a891-e2d9-47f2-8b16-9a4c738d2220,77
b7e60eb1-7c0f-4391-a9f2-8bef448d13dc,19
dcae5b8f-83f7-4694-8960-4b5180933fe7,80
b3269349-1afd-4873-9828-8a58f9ce5665,76
efc86717-409b-46a3-8731-d6d629de1623,72
ebcaefe6-1d16-4219-8f6d-ee49c90e4de2,4
b1056536-c961-408b-beec-42a9b13e68f7,92
07a5e74d-894c-4146-9e50-f53560247e80,67
5db1030a-e656-4ba0-959e-083982f25be7,53
b2586d26-be66-4601-8f35-3af05b98453b,20
81734855-0957-4dab-bf39-fdefd026edaa,72
a85fca24-32e8-4278-8e0a-acab1c9cf489,67
a45dc87f-4145-4d79-a6dc-25ddc1298314,9
2e6aea5e-f7a6-42ec-8114-c91a54d50dd8,36
4dbf163d-a590-4a5e-b8e3-aeeec673bcfc,99
63a8c6b1-a3d7-4091-84e0-6a61697cf087,90
1adfdf01-5820-496a-8fbf-00803c194e8a,94
86771f27-8a9a-4580-a126-b216ccc89c00,88
014c9e99-5108-44c1-b19b-fc7da50fcb2f,49
133c5eb9-cb84-4aea-99d5-b7630c4151fb,79
ad58a2a1-b1b4-4099-abce-2fca081f4c11,96
876d03ad-0586-4349-89c2-766bede35826,9
b635feb6-5205-475b-b6e4-233a30639c3b,41
380e71fe-4fee-4e7d-8ae6-8eb05b7cc6e0,96
c7d75bc7-c07a-478e-aa76-4604ffd69954,12
59ced5ce-7aad-4687-8baf-984d8b1642f2,63
6d6ef56d-265f-4be4-9281-70a41d5ef9a5,49
340085fa-8de8-4d68-8520-3ae050557256,55
a3e0a8a1-15e9-47ba-b916-4dd905951ac7,32
818df47d-a388-4b8f-9c5e-9541f972014d,60
1cdce064-a10c-4749-bc5e-445fe28589c8,96
85d7ba7e-816c-4ae9-81a8-1afdae63d50b,74
30c3baa2-ee6c-48cf-9bd8-7dacca296dd1,37
cd3d3e35-d5b1-48c8-8f8b-97e7dcfa7fb0,53
f00b40a3-bb51-407e-b16c-48f83d2f7aa3,81
9d11a192-384c-46b2-a3d1-ae806cda7abc,16
1f3f5be0-5712-48f6-9fd1-8d2ebdaaa482,19
1b693eff-cf55-455a-9294-6e796631ec1d,59
84601a65-8544-42cd-bb7e-e3ff19f36057,91
e88f58c2-e532-49eb-8396-a102b1429716,81
3e3a7fe4-e15d-4529-9d8b-7d06cfaf17ce,62
549838d5-8b7a-48fd-83f0-848fe42819e2,17
38ec1cb4-7205-4bf2-9438-02402f00b98d,76
1985c1af-be52-4c02-b041-a3622b55519b,14
fb9b3b32-b1cf-41d7-9107-71dbb43aff02,34
fbb5da89-6165-4c85-b60d-a1574de62034,48
31e4a6f9-17db-46a8-bd5f-11055d1adfab,28
4509248d-b83a-4514-886f-793fdb045163,27
4f61935d-8265-4fb8-a47d-2f03daaa9563,68
22cf8237-4989-458e-9a90-3da4667f191c,51
86facbe6-f5a7-4f54-ae0d-1b1cc8bd5b5b,46
f57197c8-fda4-4a25-ac5a-9e52f36febcd,70
3f2b412b-02cc-4293-b1bf-253bf15f9a6e,8
29c304f3-68a8-408e-bb6b-d75e3f1e52ae,2
255706f4-5e51-40a1-88c2-98d3ba6a388e,14
45347a50-a4d7-4efe-9263-3f32417754a4,66
38277fc7-f53a-46a1-bb96-9bf3fdc19736,47
e025f4b9-c171-4511-8bab-5cd1a6f229da,75
c65d4f65-78cb-4654-aaf8-4fbc48e9acff,49
11d56405-e8c2-435c-889d-061173df780b,60
22a13d37-d453-4a09-841f-95d40debf3fe,46
26e24522-b46d-436b-b538-5e91595e1beb,82
f6c92eab-1cce-4fbe-aa4c-4e1415562f2c,90
fa0a4609-fd24-4025-b099-e5a5962a25f0,5
654f60c4-6730-47af-a231-b0388fd57065,38
feb54338-9578-4f63-91f0-303273e02daf,22
9c9922ea-96bb-477a-a558-79e54bf1f176,36
1a7a9787-fa61-41eb-8a30-d31044fe0955,64
ed99ac29-e068-418b-8fed-a6648e259d56,20
840d6780-f657-4cf8-b130-d8039399b774,15
4e4218b0-8dba-414b-aa31-347c0e8ce6c7,62
e702552b-1248-4fa2-8a78-ea8612a7ee76,23
39c820d1-26c7-4a45-81c6-cbea951e1d76,77
e47bfd94-771d-4cdf-8695-b712795edc7b,26
41ca7d9d-fd08-4dd4-ad7c-7047b8836d56,59
1215ad43-a228-4eb2-b4b0-e6b4831ff169,54
40518c51-39f8-4a87-ab62-1d211d15b537,70
47a13b56-f991-4704-87b8-8ac5ee3c5275,43
0eed93af-afd9-4454-b1be-8bd35979650e,5
41e93862-1f1b-43c7-9025-2cd5524b932e,32
283d2bc5-51f5-400b-8e20-b71e5b22b9c9,73
c021c452-d4c8-4fd5-aae6-9962c2247b97,64
fd58654e-a21a-447f-9064-3ac9dce46c87,19
8a22f5d0-41b4-4124-91a4-710cc8209b8f,68
2c9ae331-81ad-4e06-8dad-12610c139dde,91
ec7be2d7-a813-458d-8421-67759cfe711e,80
a4895387-3cef-4107-92d8-d32052fc1e04,60
f281519c-0aaa-4604-963c-25c5090c76d6,64
8e80098d-250d-4d9a-b63d-777e55ceca54,99
958766ca-30bb-4378-b7b4-c9c58b068c8d,22
a5b4095b-d039-43d4-9fba-9ee6e4f03737,60
fec64935-e483-4844-aa11-3646063dfd9b,0
5ddfcbd2-a748-4eb9-b7db-1ab45c335b11,13
9766b0de-0e84-4e38-b9ab-e0866e427f21,20
575b03e5-ef92-43aa-aebc-f8fdabec939a,99
e7449af9-8f3f-4344-9bf4-8c2efdf60130,17
0f556652-b5df-4a0d-974c-dee446bd01bb,37
436e0500-64a4-4209-99df-b04056261ae7,3
e69f561c-7752-46e2-ae00-8a833044214a,13
b03a2045-9819-4ae7-9324-d5635a413fd9,60
1f2848c8-0f19-4eca-935c-e890156f3f8c,99
79b4354e-2641-4f3b-a38e-0310d93c27f2,70
682ce842-5b2e-41e6-b715-258f2c500f1e,48
dfa70c9e-089e-4390-99ba-009006ecf525,70
17a91031-af76-4893-bc0e-04fa50bbcc20,34
64aeb02b-c5b6-4de6-aa67-192526e37945,75
bd8d84a5-bfb8-4d17-b5e6-576937eebb67,49
a3537c4e-9539-4ee7-8bfe-aac3bd9dbec6,55
51fdd65c-16c9-4c09-a3fa-89f94db88a72,41
2e5d25ae-7d97-4e32-9430-fa6eefbfc2a2,66
da98bd4c-4d0f-4e3a-a91c-beab3da7595e,98
13a831fd-85f5-48c2-8bfd-311e6d87181e,5
13896961-92a3-449b-bce7-d5b4ae746a43,37
85005a2f-5e9f-42b0-a3e9-123ba467f410,14
a484397d-9dba-48bf-9a13-225b480f9591,97
af676543-573f-4f4e-97de-454bbd65755f,83
a22085bb-1e42-463a-b906-77b9936a7865,39
a6c80412-ad39-46f1-b970-ae13fd54ad86,1
4eb2347d-51b0-4bf9-a7b5-428ee0f13793,42
a2ffe156-caf8-43d3-a36c-bf4f3a34e5fe,62
9b6f04b8-9035-4b8a-b829-ca4ac9049445,83
4e9ba08a-1fef-4cb2-8e22-ae8ed0f84b99,56
5bc668da-9679-48d5-be34-c6eac9a0c481,35
ba24b51b-3dd7-46c4-b774-f3586b91dac3,51
cb53da4f-a3c4-4a7c-bcc7-259b3f2d6ec3,61
0849467c-5449-4804-90e0-2128adc5c28a,40
1b0613a8-7036-477a-942b-8e02fa8bb8b3,93
4ffd1a14-9341-460f-ac5b-50e04be667c0,58
ab43ca81-350c-42a2-b747-793aa6c565bf,40
4b90348f-cbdb-4ea9-950c-b6cbbc233308,39
23cae471-8904-45d8-8a4e-fac22c200459,73
0e380ab6-82a8-4b08-b561-31c18439d2d8,92
46c8694e-fea3-42e6-8bd0-20a7fe3e01ce,12
c0047031-847f-42c6-b558-8a9ace072fce,27
e3592a5b-6c24-42bd-a5d8-6e2549f29373,12
432404a9-5ad0-42c8-a9f5-bfe4669bb491,5
70675955-8f83-4fa7-ae1d-1cd29c60b03b,18
ca5df8b7-942f-4a4b-879f-916b1c6fae59,62
4d5764be-840a-4ea1-8b37-bad66499831e,31
b7c98be6-2d91-4112-a262-f7f5abb87e55,9
4ff57eec-2d53-4497-85d2-feb3aca9c9bf,59
9ed1ca0a-76f5-4f0d-8874-29d713023f65,95
881baf62-dce6-4054-96ca-14e8a78b8c50,75
8a928539-ff0a-449d-89ae-240cfa08dbeb,53
c7c80cf4-ba62-417f-b3e1-348a98844fae,37
ac5515b5-506b-4b43-b209-74f7cca525bf,25
b411af41-9e43-4c29-aa80-42f1d1385eb6,24
ba6dc8c0-d9fe-4362-af8f-a013385bdb98,60
21058cda-80c2-4126-a5f7-5874eceb19df,74
5cadd563-6037-4245-a01a-752397c57a20,75
00d7a48a-c362-4ee1-8dde-a75634d531ea,82
1c564c25-91d1-4fa6-87e0-3ac07b459de5,97
679c1144-f4b6-49e1-bdcc-4c68b66d05f1,79
722a1cdf-d264-4389-8f13-4b8c9b9fee0d,68
3f599bd0-dab8-4408-870b-af447049c589,85
0dc73551-0469-466a-9945-a14e7e9a38dc,17
c4964971-76ad-4b88-9681-dbe5cc7fc93d,98
5426cfc0-fc31-4787-84c7-971c408bcf9d,40
d7db3ab7-4752-47f6-bf31-878ee93fa19c,70
d1697078-c7e7-4393-81b9-a4e8a4e4810d,58
699ce693-bec9-407f-9a1c-d0f59f8953fc,45
c0e8037a-e970-4bb0-a348-d53e74d81d59,83
efc5580d-5a25-4ab8-9fdc-a421275ba617,75
141f937a-00d7-475c-bab1-4a7e0d71e194,75
cd1c6d69-17f7-4b30-9544-0cbba02cd314,10
e24d3c23-bf28-487e-b895-5dd143ace04b,26
c923405c-c9bb-495b-83f4-a64ae512dee9,56
4b87749e-b94f-4a71-a4ae-ab07ec217cf3,77
17924355-ae21-43d9-add9-107bc9b2c380,48
77d9a3ae-0d37-4a00-adec-ddfa1c4c5e49,73
ce6d444f-c8d4-4b97-bd11-1b2f289dab98,9
6e42ded1-98b0-4ed6-b819-30e032687b6f,40
a8023f88-b4cf-4d7f-a00a-0ad9f8747984,19
c9270876-a442-40e5-86b7-1d0bde26672a,48
18be466c-d8bb-4a80-a596-f1d75ef039e7,20
0483d6dc-6483-424c-95a6-3a12a4ce1ac4,76
e1defc0d-2b1b-476c-9591-30188c69e841,52
e55a59dc-11c0-4346-9846-5d59240909fb,3
3a9db66d-f18c-4b4f-b47f-3f1d202b0af3,71
d6102385-e305-4c71-aa24-da6c94c0322b,23
dd42a5b7-85ad-42dd-9628-309b0d0f56cf,73
f947c467-4716-4f1f-8248-81017b26ac9d,8
0dbffc7e-e0d9-4634-82f4-b115e9b4c166,91
46b313ed-b4cf-4a03-9c43-abc1ca0fb99f,60
742ec92f-964a-48f4-bcdb-75073f51d8fd,12
f25b5580-e8a5-493d-b504-65e9b684e168,51
9881bc68-27b8-42c9-9de0-03db5512aff4,0
74195c8c-61f8-48dc-b8e5-8655f6954484,45
2c30f315-8989-4436-ad7a-4ec53219f2c7,47
819a1596-4fdd-4d3f-b41b-4831ad456f80,38
78f32a66-c4ba-44d3-bea1-cd832aef47af,93
a6f4d3e0-d03a-4bee-a837-93b2652cde2d,90
c1844615-02ee-4719-88e6-ddca840db9bd,83
bd4309bd-3157-4eb2-b0db-cc313ce4f9a4,59
6721252e-86fb-4474-b987-8ec374bdc05e,32
581f3815-ab09-46ab-919c-908871de60c2,71
5274aebd-84e1-4129-998e-1d89a74c78dc,50
245fcb8e-ecff-445b-adbb-683a55b5be3d,15
aeb2b6ef-858b-43ed-87c5-5c320e4a8a7c,87
76e01eb4-063b-49d0-ab0c-bfce69dfff2e,40
a0536bcf-e3c0-4b78-b463-d28bb1856681,24
486bdbc3-8c51-4492-85ae-eacd6aa74feb,53
19c5ea42-9ba5-4ff6-95ca-f393e57ff9fa,58
a010cab7-c0c5-41aa-874a-4525c6e5bd14,79
7726e8c7-c034-4c64-a286-a9a4ed8885ac,38
f68902ad-6d7a-487a-aa5c-ec0695f62a8c,96
912e923b-3b11-494f-b3f4-a7d35b0a43d4,37
670d98da-7b8b-4e0e-9b01-18f79ba626e6,71
4827bbae-104a-4896-9e86-76b2aca6276d,63
dbdd8155-7034-4b1b-8f31-12eb79968dec,62
06938721-131e-4a26-b89e-37cb3ee7285c,7
9a9e869f-28a8-4a40-ad7a-ced87f129520,92
ff62888c-7245-40bf-b639-c905edc7a955,31
018ddc24-150b-4c69-8d81-995e0c9d3ab6,18
c53ceb7f-3d96-4f98-8d52-dade38564ba9,0
98a1a79c-844f-495c-9256-b5f88b2509e0,76
33b7070a-d36d-4c59-ad04-08777ab11449,65
6511e6d2-7dff-4bfc-a349-abf6e04bf91b,68
3b776e02-10c4-47f1-9519-dd9b19660c3d,8
1455f3ce-c606-485c-9702-d78c0a6c1b7a,85
f4cd0385-de66-4b5d-b069-b61606d6163a,73
d40f218b-6917-485f-a77a-ab0dad06363a,1
901a2bcd-b053-4dbd-b279-084a145bae38,77
854e1fef-44e1-4e34-9ca3-ffbc737fb5cf,48
4397ac80-9c30-4817-8da3-f2d6442a2a79,3
eb54d383-7f92-4dad-8707-c94a998d800c,6
0688ce26-1a29-42e5-85c8-e8f2e6e19d15,55
5fe62174-b367-4099-89c6-c92f4b998e96,2
a87c8a9d-79ef-471d-9297-a2b196e948ac,92
54e436af-4cef-4dae-a585-2a90334353a9,63
6428b195-836b-45de-a7c6-841d6a94167d,77
8dfa80a7-2998-4599-9e31-ac34040aaf19,21
6b7605cc-040d-4c3c-be6c-9643c6f66506,62
c3dab113-5f4d-43b2-82b8-1c05b8d374bb,93
e3b1516e-95fa-45a1-999a-002b700eb7b8,51
166951d8-e5ad-44cd-a2d5-286857d4c7ed,80
c05e5ea7-da2b-408d-8df1-9b671f66a933,16
44731e52-fe54-42b5-9bd7-7eb4fcebd315,71
2e00c070-efab-4842-a1aa-3415be0537b6,86
db0be8c7-718a-4d98-bd37-b7d79bc42635,89
3f2e58dc-3ed3-4845-8a73-60f31eb33106,76
f8733f02-2b69-46e9-b416-08dfde571a5e,58
b012d8dd-7de8-4653-846c-0c349be02b66,63
bd08fd9d-985a-4479-85c8-38d83a3c6ccb,91
8e95f033-f386-47af-9279-03f344e9876f,5
b45f266f-0d58-4304-a8d9-8e5ac23669de,0
3a7d7821-82fb-4b05-9dc9-63ab66b76859,27
b43f85b3-3939-433e-ab4f-6b6c005601ca,96
8aacd412-0bdf-4f97-bf83-89c12f81a702,6
a8c6c5c4-45b0-4493-8bda-82bb5fcfc820,21
7df3d17a-5058-4110-a7cd-d0f1a20b9b8f,82
264c1d82-77e3-41cf-985b-f19ae7d7e8ac,91
f464abed-7c93-4793-8a4a-1d5c03f9fc71,4
572d28f1-f6c9-4dee-8e8e-451364e59a50,65
e0d7432b-002c-4ec4-8347-b8b794f327d3,52
b2e5d909-c200-45da-a87b-006b7ff5c84e,31
4dfadded-4632-4771-a487-48637a839886,16
70ad40a5-db8f-4188-8003-fa04c6e41ee1,61
9cf5f303-a717-4d98-bb97-839bbc2df88f,1
ac62fc91-a6a1-41a6-bec8-03a0e956f9aa,14
ddeb162c-3c66-4310-9200-916eed875f3e,24
a5208ac4-2e66-4288-bdfd-949a486cc27f,24
aebc77c2-9ef2-46d7-b441-61cb29a3b8b9,65
136b5442-080b-4080-9b45-b73a9eb6a3b9,29
33085816-55c1-41f0-87c7-c1e73e892f59,3
7291a54d-f4cf-44aa-966e-c29f526086f9,18
7c6e6997-3b7d-400e-97dd-98b88d054715,87
3916b844-10de-468a-907a-7ca3833f85b2,85
0149f920-592c-4545-b1d1-879c6d25cd34,41
ad957dd0-75c2-446d-886f-0e3a1d96336d,42
9e437b3a-2003-44d2-9b0c-8a0830cdd9fb,83
ba054ded-480a-4026-b2e7-b81bc1838110,82
d315dacf-5308-46da-b54a-70943258a6bd,89
72194b54-06d6-4828-9920-5daa4a4793be,12
e6c3de78-c8fa-40bc-991f-69291454f634,55
4773919b-a4dc-43b2-8162-c075008e2931,28
8ecbb426-4193-4034-9aee-504c3647f8fe,52
c6e42fc2-11ba-42aa-9a2a-2be5d78350fb,2
16b736da-eb56-4d11-9ae2-f01be6bc84cb,71
cf2d208e-a654-4050-9b27-4a27c8e1113f,64
23aa4398-89b1-46dd-8b0c-c76e25a57f20,75
7b65dfea-af7e-4159-8398-b36c8ff5ffd2,71
58d0e434-4218-431a-b050-a06f4997ad72,6
7ab05a68-9820-444d-9550-0eb237227cb6,49
15cbc1cf-89ab-4fa2-9215-8377e39a8273,48
e2650bff-a755-4ee1-9272-2b6f72da13d0,39
79506cdf-718d-479c-9861-f9f06b92e340,85
27424e2d-6e13-42b8-b281-c2f1c953b478,68
0e6ae93e-0f5e-4da1-b4c5-948c88414ee7,14
d0728987-d375-4829-9722-457da9257f49,67
c103576a-6f46-4d5d-b07c-dbdc0b9c6331,86
8c73be63-ebd5-4486-86ac-1cf24d301287,73
4ad2b88b-e1ab-4efb-b2c2-62621e1435e1,1
08774e2f-4de3-4388-9ef1-09449ecefe3e,4
7b3db347-8563-455f-9c5b-b5c6e10bb09c,17
fc6e3ffa-7fd6-44d3-88a0-bfaded30ebfe,11
9aea5ce3-17b1-4396-9fed-3a656101ff70,6
059abd8c-113d-4269-84e3-e90c05714b82,56
920afd9e-97c5-4392-b7f8-120e95cc2ce9,19
d98dac78-0ad6-4e53-8cd3-39bcfd494d76,48
89f0aef4-9079-449f-8f44-ed5f08d0b3e2,1
a8d291cd-7744-4f99-8092-2a3590f6df0c,75
6ba08b17-a9c2-4ae5-ba51-070867496f71,80
90c3af15-3fd4-43f9-896e-8ca01f79226a,43
1f0066cd-1a92-4a3f-a443-4cb759045f93,30
05b97dac-acd2-487a-b0c8-9abd74688855,68
814242a4-00ca-4ac6-93c0-290b440e055d,73
18f80480-b416-4c2a-a8cc-b6d39fa3e93b,19
b06b053b-f210-45cf-96cc-fddff79ef4db,10
bffcd5d1-94ae-4056-8e9d-78311f831f67,65
04a521b1-4351-419f-8343-360186346d47,80
7004306b-8a0c-4069-9f6a-5dccbae26bbe,5
40451c15-6383-4de6-b6ca-1c8a1a1669cf,89
c2cd83ef-31ae-4592-8ce7-0a0471b7f0a9,1
6f6b2502-6f66-4d7c-8816-a152d606f64f,63
7720484b-c5fb-4217-a725-a48e4d9476e7,1
448878cb-0db9-415b-b449-3a87de6551b7,8
38cb9d81-0325-449c-96e9-072520711d1f,9
2c2dca91-b7e3-414e-9e18-d17899effdc3,11
c4a75154-c294-4386-bc1a-373fc38a3e66,6
c434a904-6f3f-4af3-88e3-540961b2887a,13
93a27f5a-a7c7-4044-a127-47df79c08268,10
7dd85286-0d51-4723-8d19-393b82ae9c22,25
6a7519a7-2e1b-41a8-9a48-4f4f08cffad2,28
5dad74dc-2c3c-4f87-b976-08c557be0735,25
8a935873-5651-45b0-bcad-5ec552205988,62
7efe1d3b-73f9-4d38-9500-3501c71dc68d,20
cf13451b-3f1e-4aa3-a356-bfb3bafff631,8
816c2859-ca25-4bed-b1a5-0eedacc797a7,3
ee296da6-ffce-4586-9484-647644edb741,90
246d3a6d-28ba-4c67-bd00-6632d23980b5,94
9a8bce70-0b80-4fd2-ad15-454a7baa736c,51
1ac7d351-addc-4570-b6b6-d8b27733dcd3,67
b5a0abd3-ec19-4de9-adac-69b428dd281b,15
0e038eeb-06d1-4154-869e-0cfd27e4e7f5,34
ea40463f-1afe-4047-acba-4624ab81854b,27
32891920-ea47-49ed-bb85-2512bbd202e9,45
a686ea6a-2ef3-48d0-947c-9ba06f1f6343,58
eedb68b6-11ce-4c13-be6d-df7dba40ac32,11
6a593253-7df1-4c9e-b999-a97093dc43d8,31
cd1de8af-4c2c-418f-a096-ac0693fb3da8,47
69300e90-46e1-459e-80d2-d6ef7cedae08,67
3e5203f6-8559-49b1-b312-5627f4cece6e,30
ccda7064-2eba-4858-84f8-301a4f5d3238,90
cbb067af-0f79-472f-8895-ecc324cbe3b5,19
d0d91415-fb94-432a-bb89-93b3f3946678,33
416d24fc-e179-4ffe-a2ea-5725cd18d11e,73
a6ab74f3-1f08-485f-8015-e18a5a02e016,8
b95b3b2d-1e50-424a-a5d1-bacd97984385,70
16ab4d2b-ec8c-4266-8fae-ab06730a47a6,73
be4ef36c-6720-40f3-87ba-27571b158eed,96
3ec71603-c1bf-46cf-85b5-9abf7f105b37,9
9eba46b7-f9bd-4e10-a60e-5e3edb3a26da,22
e842b232-666d-4480-b3c0-1333e7be91b7,36
02dad0e7-f5d1-45d5-bbf6-470e13e842f3,86
9f9f7eec-85b5-432b-b3ec-cc256ce010ee,91
e26991cb-6afa-4702-abf0-6aff53c3aa8a,86
3251b316-99f9-40c6-984b-61f6dc87cc31,62
ae0ae51f-27e6-4636-ae50-56477c813ed1,22
f5014e8f-d0e9-4161-9c3a-664193a3b57e,47
45b97a5d-aa67-4d6a-a20d-3b085b7a7a4e,63
d5ff4a20-ffb5-45f4-a753-4254238ff47c,61
7ddd5b57-7e2a-47cf-91d3-1fe9a406bec0,65
c6e6703f-1c9c-4ca9-b86e-77cd926d38b8,31
8925dc13-6e72-4c2b-949b-13b4818b710a,8
7f6310a4-edba-436d-9a06-f68e91bca89f,55
ae712e77-3c95-4a21-ac98-25d9a5ceb663,31
ea7c59a6-f442-423f-a636-c85cf437b5bd,39
bc3f37d2-057c-4d4a-ac02-94d06f587ff7,12
1754ee0d-8e44-49d6-ba3e-39872e672080,93
6f31fd95-8351-4833-a265-ad5accbf99b3,49
eb772e48-ec37-4680-9c5e-03390df1ed19,70
3e168644-a4ee-422f-8202-2a6cee2e843a,77
b0e8143b-2908-4583-bde1-76f7b8f4eeae,30
beb9f18b-74cc-4554-b7bb-47eb39cdb553,93
3e526cfa-03f0-4ed4-9cab-e904deecaf34,20
afefe865-d6b0-4159-bf98-5dcf76843135,69
d2c21b20-9f4b-45cb-9771-f28252e6b26a,92
33795ca5-0088-4890-9bf8-13de8eb0199c,57
c51b10bf-e2b1-45a5-92a9-6bee68dffb44,10
40e95973-15ea-4567-b09b-1e75561c1224,72
a178226d-5031-4741-bf20-13a359a7594a,77
d3d04d9c-9422-44b6-9761-a7f006ff5752,39
af9ac1cc-ff0d-488d-9a8c-9c0b4666e17a,98
6e2c8c26-c77a-4f22-97c0-4a664840c824,16
5ed49192-0f1d-421f-b927-468d71b91589,9
47474d0c-e486-475e-85aa-b32522bc3c2a,54
3ecb57bb-26fe-4a1c-9dcd-9e3e76cec9e0,38
49d8b811-9625-46f8-9b54-7bf95ebd604b,33
af48bfcf-4ea8-4ae5-873a-d2d8437fd21a,72
1b3eada1-b490-4735-9d8e-761fa9483594,67
03541f7d-203a-470a-b80a-9d9ab3f98c0c,16
717da0f8-ed17-4f84-aa13-4f999cad5258,97
a74439e4-56bc-4772-9dd9-1c50f89bd0d9,40
6756dbb8-9673-4d35-a465-0d2986c8daae,75
6c331aac-c40a-4f5a-8a33-d82017148aa2,0
7acb4932-6106-462a-b737-dd8feb94c6b3,40
703424af-7bb4-4dd8-9319-da10654d7794,10
70845f31-4c61-4799-b42e-e40215018fc1,64
100f8796-ca34-49ac-88ef-561807412b27,78
d7d4ea88-c2dd-4725-978d-aabba78b9eb2,90
2190e1e8-3110-4156-bfd9-77b0112ed084,70
5d98154d-3c03-414d-b04c-84fca21c5006,64
6286686e-feaf-4a87-af1a-7f61fc19c759,42
f485f931-dc17-4beb-ba24-943d10230d6e,34
c2dd8fa4-97b2-4c6e-9dbc-a2d3864e3ad8,72
01ebf788-fa83-45af-b899-77d1464256e4,45
adcd4654-898f-4b30-b5cc-de01f388606b,38
a9921036-f8bd-469a-8d31-6a0200496bc2,91
5c9ae900-d7ac-4c01-8755-882c02154e76,73
67b15321-d521-41f9-bac9-135c1f5fada8,91
cd45ccd5-a12f-45a8-b701-85b94eb5eabc,96
3f0a7869-52ac-4b68-b72d-309f9adf6d42,75
d3f52e41-4c64-45e3-a0e3-d5711d6ba07d,71
ae3b4eb6-a8c4-4b94-8247-cdc588c9931d,56
d6fca6d5-6f28-4884-9483-02feeaa880fa,45
e20e6298-66d1-4249-a5e5-2e5d9bbdf789,59
b611c1a8-6105-4535-ac14-2ced06071d4e,86
084c4f3a-e27a-4a87-99ef-5bed313afcb7,29
985b8683-ed30-4114-bb4c-a5746b308521,85
db73f404-deb9-43b6-97d0-1757e54504ad,29
c0ab6f8f-1623-419c-b4de-0437f76223ba,17
a10a0bc7-3d91-43c8-84a4-1c113f51ad0f,43
46cc8635-6565-4f3f-a9db-01d7cc80e6af,72
470004a6-78d8-46ea-8f4f-ffcd5bee13ec,73
cf25b6b2-e13f-4e8c-bb88-7140267bf8d8,53
15d9f3ea-1b98-43c9-b5c6-32526c69d774,77
db646b6f-0226-4121-886c-d80a74c7372d,22
13b299be-85c7-4fef-9fed-ccea7619ad87,7
4812819c-99a8-4c0b-9513-0a5283d65ee6,0
f1769230-e7be-46c1-9618-cfcbc2131e93,6
f734d935-59b9-488b-97b1-839782f660ef,57
adf72711-8f84-4396-90d0-3df348ffbd4a,7
7ae79f47-7e9e-4870-9dcb-ce5abee89bbb,93
f30bc7c1-c137-4050-bf49-fd7b559a1e47,63
a54ec189-d895-47e4-972c-9a92dbd664bf,5
3d0e9abd-df0d-47fd-9ba9-34f66e3c4932,7
9fa38512-0199-49bf-b7d3-0ed746f47eb8,95
94c4b72e-5a9e-41d5-8536-7fc4a57c72f3,42
eba85b30-36f7-4fc7-810a-c483f8ac0f5b,5
7018c488-980b-4e31-a58a-ef39d82beabf,38
7110ef10-a218-4d40-a0fb-faf7a2a63deb,53
0d485c09-6c72-4a01-9e36-19055fb3e001,82
3c85bba0-b343-4224-9dbf-f9ae9de22a97,47
6a2c6d5c-499e-456f-ab86-3d38aa361565,62
00065588-3e4a-4f59-b2ac-b7c30379b2b6,83
d176fcdb-f240-43fa-b40e-a613968f2331,31
558d66fa-1c20-4fab-8f08-1ce0c61388a2,84
a7b1b23a-99f5-4c2c-87ae-498d0a6b6150,76
1b09ad69-f5ab-4825-a4a7-f895b1a2792a,83
16a420f6-6986-4a0d-a641-e784d6af73ba,18
e2dc2096-86f2-496e-955c-4ae7f3178071,68
71329696-f8a1-4d57-b35b-f42c5ead4bee,60
20a3f739-d6a5-4c6a-99b5-7db69dfeadcf,55
146be175-c22f-47d7-a7b9-8f48a69082ae,94
51ebcc4f-8a02-4d61-8113-5cf11388004c,94
b8e37cca-8698-4e87-b537-c85b5fa1b209,40
034fcdf3-c13f-459e-97d6-ba3901149cd7,30
c259072d-f5ef-4173-9de8-cf2afabe619a,62
6abc5844-09f4-4526-94f8-4a830d730cd7,29
9a8e2b2f-600e-4056-acc4-6812ea012805,37
d8df3571-1069-4934-9430-6f0aa1049329,33
6cbe4c93-7737-4666-800d-4b392f813122,39
20a0969c-5f97-4fd8-bb7e-c81cc1b52fc6,86
462ad107-cc26-4613-b067-200998d46c23,24
ea5bcda5-f433-4199-8178-14dc65cbcaa3,21
dd80a355-3653-4960-bd73-82edcf7ac94f,51
98a57bbc-cb0a-4050-99fa-81218d885b74,81
823f9303-42a0-40e8-be54-b6add1663587,92
b6acf57b-94ba-49be-84dd-39de45661de4,98
817f8c8f-527d-4623-8d8f-16e59daf9569,96
d83fe721-5c56-4b8e-8bd7-511938b72754,7
e4eaef6b-e6bf-4bd8-b9f3-7ae1317a2e6c,21
4bd79baf-a0f6-4abe-92af-9dacf578c63e,64
36da0f82-140a-4a56-97b1-0f71ed1b8253,19
7b336737-4ad9-4d80-9985-0e7dc49c9d5a,94
f643fe0b-8896-442a-b881-1c1f1e4f37bf,63
5cf785c8-1065-4498-9174-3da23e5bd425,3
64d79559-f06b-43d3-bea8-349847a96eb4,59
5f295f26-7d4f-4215-8f5e-1769126c644d,17
2a85b887-e5ea-4ad5-acd5-4adcd3965d6c,5
f4dc7b5a-06e6-424d-9cc9-927afc930706,12
084ba508-2c88-4be7-b044-ec63b8093097,22
95730857-dfcb-4fbc-8db3-c95b8e1ad8ba,19
00b53c3b-b3a0-40d5-8c45-25d090e313ef,44
435f9174-b831-4c9a-928e-d1c0b73bbb21,84
b14889e1-4c1a-4197-805f-c1dc09025eaf,60
3d67d06f-5f58-482a-ab51-210d99cfe93c,51
78a37be0-4d14-47e3-a6d9-4a48302f6cb8,84
e3581dc1-835a-4406-9ea4-b8799a37d36f,99
92457eec-6eec-49de-a099-43f7b8a55205,23
f5a1b780-f3be-48a3-b1b3-d893f491ab7f,9
a8f4da2c-d8ff-4414-b4bf-35c23ccfb6e6,33
88f6370b-d544-4b94-b00d-66db2d801271,90
ea98e025-9b9e-40ab-87d2-3a87ed0938cf,40
a3f4ecf0-f44b-4987-8a82-090771b3b028,72
100a9bfa-85f3-489a-a4a9-deedc639ab05,44
dcad67e9-7d0e-495c-aec6-f3ea61bbceab,27
3dc0f1d3-0230-4ac4-93b4-1ff0dff90825,79
bc7e5c8a-23a0-4488-bcf0-b04816007e4c,99
c48196c8-d27b-48c0-a1ea-aab939b25291,57
09d33a72-af4d-4a70-8139-df055e3b0158,34
e3e1b1ef-b3a2-40b1-89ff-0d4c1ca9073f,71
60cd827f-db6c-4478-b900-7adcab25c500,83
accc2d3f-b706-424e-b065-72de75adbf61,85
77f381e2-ef4e-4180-9e4b-6855cbdd95f9,38
6089bd4f-2743-4eed-a7ea-150d27c932d0,9
944bfa49-845c-49e3-9194-b1570703b98d,76
65f1e503-104f-482e-8ae9-e7af29424f7e,28
4f2ad55f-db3d-4eb7-9672-d9f801e6baed,84
fe57c0a5-fda2-4d8b-a1e3-665787bcdc4c,86
5aed3c51-3692-4134-be82-d6706fe93bca,76
396d0e7e-b6d7-4fe3-b13b-7d72d3a8e501,76
3e48080b-5fd3-4a96-8a03-4cf549543fdb,60
273902c1-ac0e-45f4-9144-c931fb6e4411,60
91c6d440-657e-48d9-84ae-5cc3ae9753ed,77
50e1d3bd-d74a-4739-8b17-7d424fb7bea6,2
056a4f68-7a90-4c2d-bc50-dafa5ca6a485,7
88e4a2b3-9b04-4923-ae81-39afa79fc9e5,37
c70264ae-1503-4aaf-8fc2-7cad40c5f93c,34
caf8b750-902c-4638-9eed-9334bd985c58,27
a3c3e992-a260-4180-b592-e53e5554d2a8,14
1d2784f7-1b63-40d7-9e18-7d9ff0a33b0d,36
8600f208-43c1-4fde-bd8a-bdd844843841,74
18a32680-e188-4d01-b1d0-3b2d6858cf17,56
a8bb1200-8ac8-4f8c-885f-9189f8cc77dd,57
b66524f3-e4b9-40ae-bb69-6e6ca1d8c688,58
5bb68310-a28c-4a6b-8e8a-257e76ddd0fc,89
06b0c3d9-c22e-4f0d-8d73-b0762f8a1894,43
654c7544-bcad-4c07-92d2-978f383885b3,22
3ad5804e-02e1-449d-9cea-14481d631851,16
95165d2f-8e73-4d76-bcd3-5fe715b774e2,51
fef93bb4-559d-440a-a83f-08abf83c9c6c,13
038f08d2-fd18-4947-8c37-b9345bf12092,37
32c0ee45-bbef-43d0-916c-01bb5b6f54d3,63
9660e192-58a7-4748-b339-3a1e299415d8,74
1d1adf1b-03eb-4d69-98b1-0fd6e7ef64d6,48
29052532-2d29-486d-b9b8-56575a7bdcc4,34
e5b7f74d-3db7-4d6d-afca-2f0c5b1fab55,93
a20fcc11-c33d-4cbc-bad6-2121b68abfed,81
33909484-ef77-43c6-a6ac-84c11620ec91,94
bd1c5da0-7287-4932-b88e-f861d0179c91,15
05b90e6d-a34f-44fb-af6d-ae7886d53095,31
4b8aff42-7ff4-42f2-8289-065608f9145d,32
d4f318f0-d623-42d8-ae4a-37acc3b9f2cb,1
770cfb79-43e2-4133-b81c-b20c0736b2b5,36
24cd54ae-08e0-4776-bccc-451cc99535ab,41
4bb16deb-0191-4903-895e-f5c245a588fc,12
9019e9b3-4209-466e-a671-a655c7d9bf0d,46
e4847ec1-f0f5-4c52-8485-ccc4879f60ee,80
020df397-21e8-4f90-9ca5-f0ea76b54212,45
0de7b3bd-5089-42bf-86ca-b2502ddea560,43
72bc38aa-4a4e-46b4-98f9-299ced276a3e,77
24739965-aa37-4699-b322-17556d4db92c,68
daaca086-e67f-4a31-9e0e-c004d146119e,60
77ff6016-d94d-4f45-822d-f7ecb6c5d9d0,87
c5a529a5-7e41-4d25-a1f1-e8bbdc08945a,70
99ba9e9a-7729-4846-aa08-6ba402e418dc,20
63cb8198-6bb0-48ff-b4f0-e35d164b0032,3
eb333f4c-e6d6-4cae-8834-08580ab3e980,53
d2e49d5b-c474-42c9-a5e9-1bf7f75b21f6,58
5ea30079-0b77-4b24-bdcc-cb4b478abc31,60
b148c4ee-6b90-4e1b-a7d3-fbad4cc525eb,66
439a6b43-6b1d-4d7f-ad7b-fa8db2dfa0ba,49
40c949fe-07db-46be-b2f8-60ee5a8d6acc,61
2c081606-cb72-47ad-b34c-701f63a390b7,53
71ed7b8b-cb21-4931-a5fb-9323c777a49d,28
44287b94-3f35-4525-bbd0-7ae77e636c68,43
2cd9710c-e972-4cd1-bc0a-810fdf51493a,16
73fe0730-d9dd-4bfb-9061-3340eda90eb7,96
69052f6e-4cc2-4b7c-93d6-f590af37da57,10
bf997515-115b-47e9-9f55-2e79b68cec6e,28
29184da4-dd40-4aa3-9597-1f1b4705e15f,49
c3357c0b-6cb0-4ecd-ab13-814ea47fb95a,42
4d566c83-48be-4224-ae21-52d360aa48a4,42
a20d1f89-5dfd-463b-b067-0e778ec7714c,29
9afd6c56-6bb9-4bd2-8db3-3f68d284e79c,98
3b066d6c-49d5-4e1b-b503-339f9f308096,64
a6ec9bc0-1ee3-4739-ba73-e284289890fb,80
a46cc93e-5cba-40a7-b17e-d399d1f0b4c7,18
a6a0215b-2fce-445a-ab9f-faad9fc3fb5a,67
360a3390-2b4f-44c3-8377-c9dc7940d0d1,75
da25a018-6cbd-46c5-bb8c-bd47330aaea0,40
4e0b268f-6eca-4865-889c-ba4f69cec355,91
201fe059-ed14-4743-a35a-bbaf6a433a87,28
67e1c422-2292-4d24-a051-8ef3ff9de783,0
944508c8-72c4-426f-889e-65f46efc2f5f,75
0d78b6e5-652c-4c32-a751-81a529a62df3,50
1eed75c8-01ba-4c56-ba03-db9dc62d9230,82
56467b9f-8627-402b-9b7b-b59371b825fb,54
71458b26-6af2-4315-acd3-6237e7bbe3f7,25
f7272da5-9110-4e79-b246-1150968a1d93,84
907dc0ae-a631-4b2c-8951-291f9328681e,75
356b4314-d4f0-44f3-8ac3-1f9fc24944fa,94
1210f707-ed0c-47ff-aa47-8032e82527e3,88
a3ecc0c2-e943-4555-b19a-9bdf394e5025,9
7e27a494-f8fe-4fa5-a0b5-811c898e806e,85
3577ff8e-6732-499a-8291-991bf5e03bd6,80
9ac95fa5-2a52-451c-bfed-7ca9fc2c75cd,70
ad48742e-aaf3-4c9d-a70e-e1a454dc2e6d,27
7cf006d2-d27f-4e7f-bf1e-2387e49da427,44
47725c1e-244d-4b48-9f31-1f2a85f4703e,66
aa234358-a0db-4fc3-8547-ae09faf1e6a8,45
93d1a32d-f696-4fca-bdb5-91af2a557480,35
82021fd6-bb42-4bdd-aff7-c48ac1002a12,80
b0d9df85-80a0-453e-bb61-3b54dffe4fc3,75
46a9a815-6128-4225-b74c-ab5d61163c24,15
b424b56d-b29d-458c-8598-b9b693df51ec,40
08bdd1ac-9ae0-423b-b647-7afc03384595,33
03c6d2fb-1cd6-4c19-96f8-155d549206ba,91
03b6e917-8c6d-44a1-9630-a96dc2d39407,94
78d30ea4-9156-4a71-8c89-219e5e05f370,80
21f75d20-6e90-47ab-8546-330f8a23b594,23
fcc15912-01f5-4186-a0f7-a752d4ba63db,12
560f47e1-955a-49b5-a187-e96e3d5b7056,26
7e1abd3a-cdc1-4522-a497-f4de67ab1acf,9
b5c43606-3375-4c4d-b874-d79aaccfdcd6,42
c67194dd-05fe-4be5-82cd-5178f5e3c6ab,32
e217b448-4d15-4e9e-aec5-51097833a23e,34
6dc180bc-37aa-4ce5-9bff-1a6105053d01,17
b6e56587-ac63-4708-babe-348348325265,62
2b0960ac-2253-4b04-9ecc-6797b09a7fe2,18
d11b0797-c4c9-44c2-a701-f0772e7693de,58
a0120587-a190-4d67-9392-91ba6f4a794d,15
1ca3d87f-5a21-41cd-a5fb-aa26fadf9997,40
443d139b-2ae4-4560-9241-c22fa30cd068,75
84de9a49-0613-4214-b570-f6b4cb8ffd48,79
2d5a8b69-f176-47dd-ac3f-6085fbeefacd,7
d80c170d-1896-449a-b3a7-9b0a0f6ee973,65
a8bc157f-a53c-47a0-a3d3-bba1b0268993,16
b8842b5e-5b4f-4d53-8730-985b2ff0fc1c,85
a6d0fcba-52f4-44c0-8aa5-554484226635,48
be45b708-85e1-437f-89e0-6f4d9b0cf6c0,93
a86633cc-23a9-4459-b518-33315c50169a,34
d2fcf5a7-8428-4629-947c-063f9dd81b55,49
4bfa1586-8be2-409f-8d57-86d0587ddc4c,32
278ac828-cec8-4814-b62d-5de8ab27ac34,84
5eb59b20-d0e0-4f70-9597-f283fbbef097,89
e1c747dd-b08d-40ce-ac96-bcea150eb0d9,66
e147cc4e-6070-4679-9554-800716163e49,12
c944aa24-5689-4c0c-a9ef-18ca772751fe,21
54804e1c-11dc-49d2-b9a0-b6fdc8430488,34
d668f99b-3b4e-46e0-9ed3-6a97f2d5b5f9,2
6bca3348-2b10-48a6-8fac-0197ec7f7544,55
2eec4542-8027-451d-a578-cdb2a0dfa5c5,8
db662a7c-2171-45ea-be71-d4fc9daaa8bd,72
e1fa8989-6c86-4063-b1ff-840af5c5c860,47
46503634-1249-4244-bdb3-9df5b61953ba,70
8af17ae6-1450-4166-83a4-4d30e4b2374d,74
95b29e38-41ee-4fa7-8c43-3f3535fdefcd,45
4633edda-b38e-48ae-af57-acce24d5bdce,37
cd449f28-150f-4540-a42a-9b5b0609292f,98
1ed16204-3273-47f4-b679-4e1fac823406,84
e24eea14-031e-4ae9-be47-c0320bda4b10,11
61b83e39-7c35-4ce8-8953-b207505a0969,8
130554e5-acbb-45ef-b646-30a60d06898b,73
b1663496-3f31-471a-a375-fa338a022291,69
6f5729be-ab1e-47a7-bb46-f8bf0438741f,85
58a0799c-4fdd-4663-82b5-518b03f1e702,10
95355d02-a7cd-41f9-af70-4445e1007b02,94
10eb4a95-12d7-4f47-b2ce-f8ac203ef908,16
1967cc80-58a0-4c58-960f-2d5b76557425,24
5eceb505-b73c-4b98-90a8-81ed00d36b57,9
fea2c5a0-c2e5-4e11-95d6-6cb0726f804e,9
b8ff91f5-c28c-4be9-a178-4fe3cf147ef9,14
b466b0f4-5046-4247-b151-61f8381ef3bf,21
d9afc5ee-3d4b-4df3-bd77-8898ee9857fa,67
2fd5b9b9-4682-43a1-9d73-984b4f141070,48
0412a426-dccc-47c4-a523-0071366b35b5,97
3c3a3247-43b8-40ea-ba1c-8a06752e4797,13
0aa4b44d-6cdb-4f96-9ad7-042079593797,28
6b06302e-7dcc-486a-9bbc-5154001ef55a,38
040867f6-ee30-4af1-b8f8-8da122916781,27
4ca5e4b3-bc69-4a14-b0dc-fa8fced2b50b,60
7330cec0-464a-469a-b2c5-7de9c7dfdf14,69
8cbd70d7-70fb-4e80-a1bc-702baf0a913e,77
a0ca4830-1866-42f8-b4b6-fc090e959688,19
47e27481-5760-46b1-9b04-cdb80dca1158,65
6f98528f-268e-43bd-9d48-1bfd8a5bf78c,48
3d8c4e5c-f1f7-4674-bd4e-aee7fe40aed1,65
9c27c56e-8656-4185-8421-24c9c615ba45,33
6f61c21b-4eea-4bee-bdeb-d5d5959c50f8,87
b8e6137c-9235-45b4-93b3-18cd5e659e3d,31
e71e4e40-2334-406b-a52b-030b88fad5f4,15
f5bd72d5-9c79-4a6d-9458-08ee14de271f,21
dcdaed38-ed97-4b70-8ac7-1c9a1d3af222,2
b98adb4e-b64b-4055-bdf2-e4f9dff8b0b6,46
23ec1afb-df1d-4dae-be52-7e003dfbc5b3,35
d255d0c6-18dc-4616-a0b4-b933251c0e99,24
e1e2cc5f-8965-4a54-a9bc-934c9ea701ed,21
e88bfd5a-d5e8-4865-82e7-900f424504f0,5
6c764f53-60a2-4ac0-82a2-4b4fdc5b4f94,4
8d5523d3-f85d-4235-ae65-30df11171bdf,12
9ee24459-546b-46b8-bcd7-ecf156f6df66,33
78111712-0bfd-4c5f-b44f-ac1af8ba845f,91
d9f257ca-cbc6-4230-b50f-0dc9982019e1,55
cbc33613-aeab-42c8-a7bd-94a712d0ad64,87